Workbook

Sheet Performance Parameters
A1: SCORE INDICATORS | H1: COMPETENCY SKILL LEVEL | M1: KEY IMPROVEMENT INDICATORS
A3: Pos# | B3: Score Criteria Name* | C3: Score Range | F3: Score Indicator Description: | H3: Pos# | I3: Competency Skill Level Name: * | J3: Enter Competency Check Level Weightage* | K3: Competency Skill Level Description: | M3: S# | N3: Improvement Indicators | O3: Score Indicators Name* | P3: Competency Skill Level Name* | Q3: Key Improvement Indicator Description
B4: 50 Chrs | C4: Min 0 | E4: Max 100 | I4: 30 Chrs
A5: 1 | B5: Excellent | C5: 81 | D5: to | E5: 100 | F5: xxxx | H5: 1 | I5: Level of Understanding | J5: 0.5 | K5: xxxx | M5: 1 | N5: Need More Clarity | O5: Disappointing | P5: Level of Understanding | Q5: xxxx
A6: 2 | B6: Good | C6: 61 | D6: to | E6: 80 | F6: xxxx | H6: 2 | I6: Practical Knowledge | J6: 1.5 | K6: xxxx | M6: 2 | N6: More Training Required | O6: Disappointing | P6: Practical Knowledge | Q6: xxxx
A7: 3 | B7: Need More Improvement | C7: 41 | D7: to | E7: 60 | F7: xxxx | H7: 3 | I7: Technical Knowledge | J7: 2.5 | K7: xxxx | M7: 3 | N7: Improve your skills | O7: Disappointing | P7: Technical Knowledge | Q7: xxxx
A8: 4 | B8: Disappointing | C8: 0 | D8: to | E8: 40 | F8: xxxx | H8: 4 | M8: 4 | N8: Little more effort required | O8: Good | P8: Level of Understanding | Q8: xxxx
A9: 5 | H9: 5 | M9: 5 | N9: Can do even better | O9: Good | P9: Practical Knowledge | Q9: xxxx
A10: Min 3 <_> add upto 10 | H10: 6 | M10: 6 | N10: Keep doing Good | O10: Good | P10: Technical Knowledge | Q10: xxxx
H11: 7 | M11: 7 | N11: Fully qualified on basics | O11: Excellent | P11: Level of Understanding | Q11: xxxx
H12: 8 | M12: 8 | N12: Good Managerial Skills | O12: Excellent | P12: Practical Knowledge | Q12: xxxx
H13: 9 | M13: 9 | N13: Skillfully Qualified | O13: Excellent | P13: Technical Knowledge | Q13: xxxx
H14: 10
H15: Min 3 <_> add upto 10 | M15: Min 3x3 = 9 <_> add upto 5x10 = 50

Sheet Scoring Example (2)
A1: EXAMPLE OF SCORING
A3: Ques | B3: Subject | C3: Topic | D3: Check Level | E3: Level Weightage | F3: Score | G3: Adjusted Weighted Max Score | H3: Correct = 1 / Incorrect = 0 | I3: Score Awarded
A4: 1 | B4: Maths | C4: Add | D4: Easy | E4: 0.5 | F4: 1 | G4: =F4*E4 -> 0.5 | H4: 1 | I4: =F4*E4*H4 -> 0.5 | K4: = Score x Weightage
A5: 2 | B5: Maths | C5: Subs | D5: Easy | E5: 0.5 | F5: 3 | G5: =F5*E5 -> 1.5 | H5: 0 | I5: =F5*E5*H5 -> 0
A6: 3 | B6: Sports | C6: Cricket | D6: Hard | E6: 2.5 | F6: 3 | G6: =F6*E6 -> 7.5 | H6: 1 | I6: =F6*E6*H6 -> 7.5
A7: 4 | B7: Sports | C7: Athletics | D7: Hard | E7: 2.5 | F7: 8 | G7: =F7*E7 -> 20 | H7: 0 | I7: =F7*E7*H7 -> 0
F8: =SUM(F4:F7) -> 15 | G8: =SUM(G4:G7) -> 29.5 | I8: =SUM(I4:I7) -> 8
C10: Scoring Analysis | I10: SCORE INDICATORS
C11: 100 point scale Overall Score
B12: Ass #1 | C12: Overall Score | E12: =+G8 -> 29.5 | F12: =COUNTIFS($H$3:$H$7,1)&" / "&COUNTIFS($H$3:$H$7,0) -> 2 / 2 | G12: =+I8 -> 8 | H12: =ROUND(G12/E12*100,0) -> 27 | I12: =+IF(AND(H12>='Performance Parameters'!$C$5,H12<='Performance Parameters'!$E$5),'Performance Parameters'!$B$5,IF(AND(H12>='Performance Parameters'!$C$6,H12<='Performance Parameters'!$E$6),'Performance Parameters'!$B$6,IF(AND(H12>='Performance Parameters'!$C$7,H12<='Performance Parameters'!$E$7),'Performance Parameters'!$B$7,IF(AND(H12>='Performance Parameters'!$C$8,H12<='Performance Parameters'!$E$8),'Performance Parameters'!$B$8,"NA")))) -> Disappointing | K12: =Score Awarded x 100 / Adjusted Weighted Max Score
C14: Subject/ Topic Level
B15: Ass #1 | C15: Maths | D15: Add | E15: =SUMIFS($G$3:$G$7,$B$3:$B$7,C15,$C$3:$C$7,D15) -> 0.5 | F15: =COUNTIFS($H$3:$H$7,1,$B$3:$B$7,C15,$C$3:$C$7,D15)&" / "&COUNTIFS($H$3:$H$7,0,$B$3:$B$7,C15,$C$3:$C$7,D15) -> 1 / 0 | G15: =SUMIFS($I$3:$I$7,$B$3:$B$7,C15,$C$3:$C$7,D15) -> 0.5 | H15: =ROUND(G15/E15*100,0) -> 100 | I15: =+IF(AND(H15>='Performance Parameters'!$C$5,H15<='Performance Parameters'!$E$5),'Performance Parameters'!$B$5,IF(AND(H15>='Performance Parameters'!$C$6,H15<='Performance Parameters'!$E$6),'Performance Parameters'!$B$6,IF(AND(H15>='Performance Parameters'!$C$7,H15<='Performance Parameters'!$E$7),'Performance Parameters'!$B$7,IF(AND(H15>='Performance Parameters'!$C$8,H15<='Performance Parameters'!$E$8),'Performance Parameters'!$B$8,"NA")))) -> Excellent | K15: =Score Awarded x 100 / Adjusted Weighted Max Score
B16: Ass #1 | C16: Maths | D16: Subs | E16: =SUMIFS($G$3:$G$7,$B$3:$B$7,C16,$C$3:$C$7,D16) -> 1.5 | F16: =COUNTIFS($H$3:$H$7,1,$B$3:$B$7,C16,$C$3:$C$7,D16)&" / "&COUNTIFS($H$3:$H$7,0,$B$3:$B$7,C16,$C$3:$C$7,D16) -> 0 / 1 | G16: =SUMIFS($I$3:$I$7,$B$3:$B$7,C16,$C$3:$C$7,D16) -> 0 | H16: =ROUND(G16/E16*100,0) -> 0 | I16: =+IF(AND(H16>='Performance Parameters'!$C$5,H16<='Performance Parameters'!$E$5),'Performance Parameters'!$B$5,IF(AND(H16>='Performance Parameters'!$C$6,H16<='Performance Parameters'!$E$6),'Performance Parameters'!$B$6,IF(AND(H16>='Performance Parameters'!$C$7,H16<='Performance Parameters'!$E$7),'Performance Parameters'!$B$7,IF(AND(H16>='Performance Parameters'!$C$8,H16<='Performance Parameters'!$E$8),'Performance Parameters'!$B$8,"NA")))) -> Disappointing | K16: =Score Awarded x 100 / Adjusted Weighted Max Score
B17: Ass #1 | C17: Sports | D17: Cricket | E17: =SUMIFS($G$3:$G$7,$B$3:$B$7,C17,$C$3:$C$7,D17) -> 7.5 | F17: =COUNTIFS($H$3:$H$7,1,$B$3:$B$7,C17,$C$3:$C$7,D17)&" / "&COUNTIFS($H$3:$H$7,0,$B$3:$B$7,C17,$C$3:$C$7,D17) -> 1 / 0 | G17: =SUMIFS($I$3:$I$7,$B$3:$B$7,C17,$C$3:$C$7,D17) -> 7.5 | H17: =ROUND(G17/E17*100,0) -> 100 | I17: =+IF(AND(H17>='Performance Parameters'!$C$5,H17<='Performance Parameters'!$E$5),'Performance Parameters'!$B$5,IF(AND(H17>='Performance Parameters'!$C$6,H17<='Performance Parameters'!$E$6),'Performance Parameters'!$B$6,IF(AND(H17>='Performance Parameters'!$C$7,H17<='Performance Parameters'!$E$7),'Performance Parameters'!$B$7,IF(AND(H17>='Performance Parameters'!$C$8,H17<='Performance Parameters'!$E$8),'Performance Parameters'!$B$8,"NA")))) -> Excellent | K17: =Score Awarded x 100 / Adjusted Weighted Max Score
B18: Ass #1 | C18: Sports | D18: Athletics | E18: =SUMIFS($G$3:$G$7,$B$3:$B$7,C18,$C$3:$C$7,D18) -> 20 | F18: =COUNTIFS($H$3:$H$7,1,$B$3:$B$7,C18,$C$3:$C$7,D18)&" / "&COUNTIFS($H$3:$H$7,0,$B$3:$B$7,C18,$C$3:$C$7,D18) -> 0 / 1 | G18: =SUMIFS($I$3:$I$7,$B$3:$B$7,C18,$C$3:$C$7,D18) -> 0 | H18: =ROUND(G18/E18*100,0) -> 0 | I18: =+IF(AND(H18>='Performance Parameters'!$C$5,H18<='Performance Parameters'!$E$5),'Performance Parameters'!$B$5,IF(AND(H18>='Performance Parameters'!$C$6,H18<='Performance Parameters'!$E$6),'Performance Parameters'!$B$6,IF(AND(H18>='Performance Parameters'!$C$7,H18<='Performance Parameters'!$E$7),'Performance Parameters'!$B$7,IF(AND(H18>='Performance Parameters'!$C$8,H18<='Performance Parameters'!$E$8),'Performance Parameters'!$B$8,"NA")))) -> Disappointing | K18: =Score Awarded x 100 / Adjusted Weighted Max Score
C20: Competency Check Level
B21: Ass #1 | C21: Easy | E21: =SUMIF($D$3:$D$7,C21,$G$3:$G$7) -> 2 | F21: =COUNTIFS($H$3:$H$7,1,$D$3:$D$7,C21)&" / "&COUNTIFS($H$3:$H$7,0,$D$3:$D$7,C21) -> 1 / 1 | G21: =SUMIF($D$3:$D$7,C21,$I$3:$I$7) -> 0.5 | H21: =ROUND(G21/E21*100,0) -> 25 | I21: =+IF(AND(H21>='Performance Parameters'!$C$5,H21<='Performance Parameters'!$E$5),'Performance Parameters'!$B$5,IF(AND(H21>='Performance Parameters'!$C$6,H21<='Performance Parameters'!$E$6),'Performance Parameters'!$B$6,IF(AND(H21>='Performance Parameters'!$C$7,H21<='Performance Parameters'!$E$7),'Performance Parameters'!$B$7,IF(AND(H21>='Performance Parameters'!$C$8,H21<='Performance Parameters'!$E$8),'Performance Parameters'!$B$8,"NA")))) -> Disappointing | K21: =Score Awarded x 100 / Adjusted Weighted Max Score
B22: Ass #1 | C22: Med | E22: =SUMIF($D$3:$D$7,C22,$G$3:$G$7) -> 0 | F22: =COUNTIFS($H$3:$H$7,1,$D$3:$D$7,C22)&" / "&COUNTIFS($H$3:$H$7,0,$D$3:$D$7,C22) -> 0 / 0 | G22: =SUMIF($D$3:$D$7,C22,$I$3:$I$7) -> 0 | H22: =IFERROR(ROUND(G22/E22*100,0),0) -> 0 | I22: =+IF(AND(H22>='Performance Parameters'!$C$5,H22<='Performance Parameters'!$E$5),'Performance Parameters'!$B$5,IF(AND(H22>='Performance Parameters'!$C$6,H22<='Performance Parameters'!$E$6),'Performance Parameters'!$B$6,IF(AND(H22>='Performance Parameters'!$C$7,H22<='Performance Parameters'!$E$7),'Performance Parameters'!$B$7,IF(AND(H22>='Performance Parameters'!$C$8,H22<='Performance Parameters'!$E$8),'Performance Parameters'!$B$8,"NA")))) -> Disappointing | K22: =Score Awarded x 100 / Adjusted Weighted Max Score
B23: Ass #1 | C23: Hard | E23: =SUMIF($D$3:$D$7,C23,$G$3:$G$7) -> 27.5 | F23: =COUNTIFS($H$3:$H$7,1,$D$3:$D$7,C23)&" / "&COUNTIFS($H$3:$H$7,0,$D$3:$D$7,C23) -> 1 / 1 | G23: =SUMIF($D$3:$D$7,C23,$I$3:$I$7) -> 7.5 | H23: =ROUND(G23/E23*100,0) -> 27 | I23: =+IF(AND(H23>='Performance Parameters'!$C$5,H23<='Performance Parameters'!$E$5),'Performance Parameters'!$B$5,IF(AND(H23>='Performance Parameters'!$C$6,H23<='Performance Parameters'!$E$6),'Performance Parameters'!$B$6,IF(AND(H23>='Performance Parameters'!$C$7,H23<='Performance Parameters'!$E$7),'Performance Parameters'!$B$7,IF(AND(H23>='Performance Parameters'!$C$8,H23<='Performance Parameters'!$E$8),'Performance Parameters'!$B$8,"NA")))) -> Disappointing | K23: =Score Awarded x 100 / Adjusted Weighted Max Score
